Workbook

Sheet Inputs
A1: Parameter | B1: Value | C1: Unit | D1: Source
A2: Installed capacity | B2: 480 | C2: MW | D2: 40 × HTS-12
A3: Hours per year | B3: 8760 | C3: h
A4: Long-term mean wind speed at 140 m | B4: 10.11 | C4: m/s | D4: HB-MET-RPT-0003 Rev 2
A5: Gross energy | B5: 2287.5 | C5: GWh/a | D5: Flow model, free stream
A6: Inter-annual variability (1 yr) | B6: 0.065 | D6: ERA5 22 years

Sheet Losses
A1: Loss category | B1: Loss | C1: Efficiency
A2: Wake losses (internal and external) | B2: 0.092 | C2: =1-B2
A3: Turbine availability | B3: 0.035 | C3: =1-B3
A4: Electrical losses to grid meter | B4: 0.024 | C4: =1-B4
A5: Turbine performance (power curve, hysteresis) | B5: 0.015 | C5: =1-B5
A6: Environmental (icing, blade degradation, high-wind hysteresis) | B6: 0.008 | C6: =1-B6
A7: Curtailment (grid and seabird curtailment) | B7: 0.006 | C7: =1-B7
A8: Total efficiency | B8: =1-C8 | C8: =PRODUCT(C2:C7)

Sheet Uncertainty
A1: Component | B1: Uncertainty
A2: Wind measurement (floating LiDAR) | B2: 0.045
A3: Long-term correction (ERA5, 22 years) | B3: 0.032
A4: Vertical and horizontal extrapolation | B4: 0.03
A5: Wake and flow model | B5: 0.04
A6: Loss assumptions | B6: 0.025
A7: Power curve | B7: 0.03
A8: Combined (excl. IAV) | B8: =SQRT(SUMSQ(B2:B7))

Sheet Results
A1: Result | B1: GWh/a | C1: Formula note
A2: Net P50 | B2: =Inputs!B5*Losses!C8 | C2: Gross × total efficiency
A3: Total uncertainty 1 yr | B3: =SQRT(Uncertainty!B8^2+Inputs!B6^2)
A4: Total uncertainty 10 yr | B4: =SQRT(Uncertainty!B8^2+(Inputs!B6/SQRT(10))^2)
A5: Net P90 (1 yr) | B5: =B2*(1-1.2816*B3) | C5: Normal distribution
A6: Net P90 (10 yr) | B6: =B2*(1-1.2816*B4)
A7: Net capacity factor | B7: =B2*1000/(Inputs!B2*Inputs!B3)

Sheet Monthly
A1: Month | B1: Mean wind speed (m/s) | C1: Share of annual energy | D1: P50 energy (GWh)
A2: Jan | B2: 12 | C2: 0.1147 | D2: =C2*Results!$B$2
A3: Feb | B3: 11.7 | C3: 0.1091 | D3: =C3*Results!$B$2
A4: Mar | B4: 10.9 | C4: 0.0947 | D4: =C4*Results!$B$2
A5: Apr | B5: 9.4 | C5: 0.0704 | D5: =C5*Results!$B$2
A6: May | B6: 8.5 | C6: 0.0576 | D6: =C6*Results!$B$2
A7: Jun | B7: 8.1 | C7: 0.0523 | D7: =C7*Results!$B$2
A8: Jul | B8: 7.9 | C8: 0.0497 | D8: =C8*Results!$B$2
A9: Aug | B9: 8.4 | C9: 0.0562 | D9: =C9*Results!$B$2
A10: Sep | B10: 9.7 | C10: 0.075 | D10: =C10*Results!$B$2
A11: Oct | B11: 11 | C11: 0.0964 | D11: =C11*Results!$B$2
A12: Nov | B12: 11.6 | C12: 0.1072 | D12: =C12*Results!$B$2
A13: Dec | B13: 12.1 | C13: 0.1167 | D13: =C13*Results!$B$2
A14: Total | B14: =AVERAGE(B2:B13) | C14: =SUM(C2:C13) | D14: =SUM(D2:D13)
