Workbook

Sheet Summary
A1: GHG inventory (tCO2e) – draft, operational control
A3: Scope | B3: 2025 | C3: 2026 YTD (Jan–Aug) | D3: Comment
A4: Scope 1 | B4: ='Scope 1'!E8 | C4: ='Scope 1'!G8
A5: Scope 2 – location-based | B5: ='Scope 2'!D8 | C5: ='Scope 2'!G8
A6: Scope 2 – market-based | B6: ='Scope 2'!E8 | C6: ='Scope 2'!H8 | D6: Used for targets
A7: Scope 3 | B7: ='Scope 3'!B12 | C7: ='Scope 3'!C12 | D7: Driven by Harrow Bay construction
A8: Total (S1 + S2 MB + S3) | B8: =B2+B4+B5 | C8: =C2+C4+C5
A9: CO₂ avoided by generation | B9: 1200000 | D9: See CO2 Avoided Calculation.ods – 2026 only at year end

Sheet Scope 1
A1: Source | B1: Unit | C1: Activity 2025 | D1: Factor (tCO2e/unit) | E1: tCO2e 2025 | F1: Activity 2026 YTD | G1: tCO2e 2026 YTD | H1: Source of data
A2: Company cars – diesel | B2: litre | C2: 98400 | D2: 0.00266 | E2: =C2*D2 | F2: 52100 | G2: =F2*D2 | H2: Fuel cards
A3: Company cars – petrol | B3: litre | C3: 21300 | D3: 0.00231 | E3: =C3*D3 | F3: 9800 | G3: =F3*D3 | H3: Fuel cards
A4: Service vans Kestrel Ridge (Highline) – diesel | B4: litre | C4: 18900 | D4: 0.00266 | E4: =C4*D4 | F4: 12600 | G4: =F4*D4 | H4: Highline monthly report
A5: Backup diesel generators (substations) | B5: litre | C5: 31200 | D5: 0.00268 | E5: =C5*D5 | F5: 17400 | G5: =F5*D5 | H5: Site logs
A6: Natural gas – Edinburgh office | B6: kWh | C6: 196000 | D6: 0.000183 | E6: =C6*D6 | F6: 118000 | G6: =F6*D6 | H6: Supplier invoices
A7: SF6 leakage (switchgear top-ups) | B7: kg | C7: 0.9 | D7: 23.5 | E7: =C7*D7 | F7: 0.4 | G7: =F7*D7 | H7: Maintenance logs
A8: Total Scope 1 | E8: =SUM(E2:E7) | G8: =SUM(G2:G7)

Sheet Scope 2
A1: Source | B1: MWh 2025 | C1: Location-based factor | D1: tCO2e LB 2025 | E1: Market-based tCO2e 2025 | F1: MWh 2026 YTD | G1: tCO2e LB 2026 YTD | H1: Market-based tCO2e 2026 YTD | I1: Note
A2: Offices Hamburg (Am Sandtorkai) | B2: 612 | C2: 0.38 | D2: =B2*C2 | E2: 0 | F2: 401 | G2: =F2*C2 | H2: 0 | I2: Green tariff with GoOs
A3: Office Edinburgh | B3: 288 | C3: 0.207 | D3: =B3*C3 | E3: 0 | F3: 187 | G3: =F3*C3 | H3: 0 | I3: REGO-backed tariff
A4: Office Copenhagen | B4: 154 | C4: 0.14 | D4: =B4*C4 | E4: 21.6 | F4: 99 | G4: =F4*C4 | H4: 13.9 | I4: Grey tariff – switch in Jan 2027
A5: Substation auxiliary imports – UK | B5: 2110 | C5: 0.207 | D5: =B5*C5 | E5: 0 | F5: 1380 | G5: =F5*C5 | H5: 0 | I5: Self-supply when generating
A6: Substation auxiliary imports – DE | B6: 2340 | C6: 0.38 | D6: =B6*C6 | E6: 96 | F6: 1520 | G6: =F6*C6 | H6: 61 | I6: Partly residual mix
A7: Substation auxiliary imports – DK | B7: 520 | C7: 0.14 | D7: =B7*C7 | E7: 0 | F7: 332 | G7: =F7*C7 | H7: 0
A8: Total Scope 2 | B8: =SUM(B2:B7) | D8: =SUM(D2:D7) | E8: =SUM(E2:E7) | F8: =SUM(F2:F7) | G8: =SUM(G2:G7) | H8: =SUM(H2:H7)

Sheet Scope 3
A1: GHG Protocol category | B1: tCO2e 2025 | C1: tCO2e 2026 YTD | D1: Method | E1: Data quality | F1: Comment
A2: 1 Purchased goods and services | B2: 6200 | C2: 4900 | D2: Spend-based | E2: Low | F2: O&M services, IT, consulting
A3: 2 Capital goods – Harrow Bay foundations (steel) | B3: 38500 | C3: 64800 | D3: Supplier tonnage × EPD | E3: Medium | F3: Monopiles and TPs delivered; Rhenus EPD pending
A4: 2 Capital goods – Harrow Bay substation | B4: 0 | C4: 21400 | D4: Supplier data | E4: Medium | F4: HB-OSS topside and jacket, installed Aug 2026
A5: 2 Capital goods – other | B5: 4100 | C5: 2300 | D5: Spend-based | E5: Low | F5: Kestrel Ridge gearbox T-07 exchange etc.
A6: 3 Fuel- and energy-related activities | B6: 980 | C6: 640 | D6: Well-to-tank factors | E6: High
A7: 4 Upstream transport – installation vessels | B7: 3200 | C7: 0 | D7: Fuel reported by Atlas Marine | E7: High | F7: Missing – requested from Atlas Marine
A8: 5 Waste | B8: 210 | C8: 390 | D8: Waste contractor data | E8: Low | F8: Construction waste Eastholm incomplete
A9: 6 Business travel | B9: 640 | C9: 470 | D9: Travel agency report | E9: High | F9: Summit travel included
A10: 7 Employee commuting | B10: 520 | C10: 350 | D10: Survey 2025 extrapolated | E10: Medium
A11: 11 Use of sold products | B11: n/a | C11: n/a | F11: Electricity generation – not applicable
A12: Total Scope 3 | B12: =SUM(B2:B10) | C12: =SUM(C2:C10)
