Workbook

Sheet Grants
A1: Grant ID | B1: Round | C1: Panel date | D1: Organisation | E1: Community | F1: Category | G1: Project | H1: Amount (GBP) | I1: Status
A2: KRCF-2024-001 | B2: 2024 Autumn | C2: 2024-11-27 | D2: Bankhead Senior Lunch Club | E2: Bankhead | F2: Wellbeing | G2: Kitchen equipment | H2: 12000 | I2: Paid
A3: KRCF-2024-002 | B3: 2024 Autumn | C3: 2024-11-27 | D3: Kestrel Ridge Trail Volunteers | E3: Glenhope | F3: Environment | G3: Path repairs and signage | H3: 24000 | I3: Paid
A4: KRCF-2024-003 | B4: 2024 Autumn | C4: 2024-11-27 | D4: Borders Hill Rescue Team | E4: Lowmoor | F4: Safety | G4: Two radios and a stretcher | H4: 4200 | I4: Paid
A5: KRCF-2024-004 | B5: 2024 Autumn | C5: 2024-11-27 | D5: Lowmoor Primary School Parent Council | E5: Lowmoor | F5: Young people | G5: Outdoor classroom | H5: 15000 | I5: Paid
A6: KRCF-2024-005 | B6: 2024 Autumn | C6: 2024-11-27 | D6: Lowmoor Community Garden | E6: Lowmoor | F6: Environment | G6: Polytunnel and rainwater harvesting | H6: 3000 | I6: Paid
A7: KRCF-2024-006 | B7: 2024 Autumn | C7: 2024-11-27 | D7: Stobo Mill Church Hall | E7: Stobo Mill | F7: Energy efficiency | G7: LED lighting and heating controls | H7: 18000 | I7: Paid
A8: KRCF-2024-007 | B8: 2024 Autumn | C8: 2024-11-27 | D8: Ridge Riders Cycling Club | E8: Bankhead | F8: Sport & health | G8: Youth bike maintenance courses | H8: 6500 | I8: Paid
A9: KRCF-2024-008 | B9: 2024 Autumn | C9: 2024-11-27 | D9: Bankhead Toddler Group | E9: Bankhead | F9: Young people | G9: Toys and soft play | H9: 12000 | I9: Paid
A10: KRCF-2024-009 | B10: 2024 Autumn | C10: 2024-11-27 | D10: Glenhope Community Shop | E10: Glenhope | F10: Local economy | G10: Energy-efficient chiller cabinets | H10: 1500 | I10: Paid
A11: KRCF-2024-010 | B11: 2024 Autumn | C11: 2024-11-27 | D11: Borders Home Energy Advice | E11: All | F11: Energy efficiency | G11: Household energy grants scheme | H11: 40000 | I11: Paid
A12: KRCF-2025-011 | B12: 2025 Spring | C12: 2025-04-30 | D12: Glenhope Village Hall Committee | E12: Glenhope | F12: Energy efficiency | G12: Window replacement and loft insulation | H12: 24000 | I12: Paid
A13: KRCF-2025-012 | B13: 2025 Spring | C13: 2025-04-30 | D13: Borders Hill Rescue Team | E13: Lowmoor | F13: Safety | G13: Two radios and a stretcher | H13: 5000 | I13: Paid
... A53: KRCF-2026-052 | B53: 2026 Spring | C53: 2026-04-29 | D53: Borders Home Energy Advice | E53: All | F53: Energy efficiency | G53: Household energy grants scheme | H53: 40000 | I53: Paid

Sheet Summary
A1: Round | B1: Grants | C1: Awarded (GBP) | D1: Budget for round (GBP) | E1: Brought forward (GBP) | F1: Available (GBP) | G1: Carried forward (GBP)
A2: 2024 Autumn | B2: =COUNTIF(Grants!B:B,A2) | C2: =SUMIF(Grants!B:B,A2,Grants!H:H) | D2: 150000 | E2: 0 | F2: =D2+E2 | G2: =F2-C2
A3: 2025 Spring | B3: =COUNTIF(Grants!B:B,A3) | C3: =SUMIF(Grants!B:B,A3,Grants!H:H) | D3: 189000 | E3: =G2 | F3: =D3+E3 | G3: =F3-C3
A4: 2025 Autumn | B4: =COUNTIF(Grants!B:B,A4) | C4: =SUMIF(Grants!B:B,A4,Grants!H:H) | D4: 189000 | E4: =G3 | F4: =D4+E4 | G4: =F4-C4
A5: 2026 Spring | B5: =COUNTIF(Grants!B:B,A5) | C5: =SUMIF(Grants!B:B,A5,Grants!H:H) | D5: 189000 | E5: =G4 | F5: =D5+E5 | G5: =F5-C5
A6: Total | B6: =SUM(B2:B5) | C6: =SUM(C2:C5) | D6: =SUM(D2:D5) | G6: =G5
